Student Checking Account, No Monthly Fee Student Checking Account
Student Checking Account, Get account with no minimum opening deposit or balance requirements
Student Checking Account, Get one free overdraft fee refunded every year!
Advanced Investment Account, Get one year of free premium investment account service
Advanced Investment Account, We would glad to pick the perfect investment options for your personal circumstances
Advanced Investment Account, Use our powerful mobile app to manage your assets anywhere and any time
Platinum Credit Card, Get 15% back with CapBank platinum credit card
Platinum Credit Card, Platinum card with 0% APR
Platinum Credit Card, Get Super Airways co-branded platinum credit card
Shopper Rewarding System, Get grocery discounts with our exclusive program
Shopper Rewarding System, Earn miles with your usual shopping
Shopper Rewarding System, Receive exclusive offers from our partner network